"","BIZYGOMATIC_BRTH","ACROMION_HT","ACR_RADL_LNTH","BIACROMIAL_BRTH","BIDELTOID_BRTH","BUTTOCK_CIRC","BUTT_KNEE_LNTH","BUTT_POPLITEAL_LNTH","CHEST_BRTH","CHEST_CIRC","CHEST_DEPTH","CHEST_HT","EYE_HT_SITTING","FOOT_LNTH","FOREARM_HAND_LENTH","FUNCTIONAL_LEG_LNTH","GLUTEAL_FURROW_HT","HAND_BRTH_AT_METACARPALE","HAND_CIRC_AT_METACARPALE","HAND_LNTH","HEAD_BRTH","HEAD_CIRC","HEAD_LNTH","HIP_BRTH","HIP_BRTH_SITTING","KNEE_HT_SITTING","LATERAL_FEMORAL_EPICONDYLE_HT","LATERAL_MALLEOUS_HT","OVRHD_REACH","POPLITEAL_HT_SITTING","RADIALE_STYLION_LNTH","SITTING_HT","SLEEVE_OUTSEAM_LNTH","STATURE","THUMB_TIP_REACH","TROCHANTERION_HT","WAIST_CIRC_NATURAL","WAIST_CIRC_OMPHALION","WAIST_HT_NATURAL","WAIST_HT_OMPHALION","WEIGHT","GENDER","MASS","BMI"
"1",113.406659513635,1097.50987753897,250.586673179156,288.362116138334,349.422108348887,755.289241441208,474.166618964313,379.49750965465,206.234281014525,670.766758757701,159.019370049039,957.418152223297,617.962706078085,193.835365567584,308.041499995434,787.655199068477,539.048488701021,62.5221687488775,149.544979396148,142.947663819838,122.769489863100,490.548194433349,153.776899664681,258.947545198469,284.708405769762,388.206669160241,342.315074101507,38.7771956081192,1655.71086387426,282.080753939214,146.532955926269,723.936174956238,400.062788681681,1381.46997312733,579.257969615998,643.68294344749,522.343421323472,562.997570026132,830.79304427867,769.751260885873,347.796038086677,0.744275028629551,35.4533109016172,14.9992009769735
"2",113.923696695178,1104.05513253819,252.362699983617,290.13257843857,352.080247574162,760.495519391891,476.850121611499,381.840994308092,208.572982408171,677.337127267647,160.806857522796,963.409704703635,621.064469591659,195.101317778339,310.929550500577,793.0561041378,544.249529333324,62.9964683701123,150.614777792185,143.918418086104,123.309500168896,492.021968283180,154.488477449233,260.685978628802,286.956720804716,391.283302106499,345.349113008547,39.3574542827027,1666.67630096771,284.927607394987,148.441381059072,727.290999704597,403.758489920435,1388.61199387224,583.565889421736,649.214601155621,528.86173604421,569.755194874089,836.342679747787,775.483558645754,357.850663579875,0.759542199768348,36.4782945197663,15.2630555026912
"3",114.440733876720,1110.6003875374,254.138726788079,291.903040738806,354.738386799437,765.701797342574,479.533624258684,384.184478961533,210.911683801817,683.907495777592,162.594344996553,969.401257183972,624.166233105233,196.367269989095,313.817601005720,798.457009207124,549.450569965626,63.4707679913471,151.684576188223,144.88917235237,123.849510474692,493.495742133012,155.200055233785,262.424412059136,289.205035839671,394.359935052757,348.383151915587,39.9377129572861,1677.64173806116,287.774460850761,150.349806191874,730.645824452956,407.454191159189,1395.75401461714,587.873809227473,654.746258863753,535.380050764948,576.512819722046,841.892315216905,781.215856405636,367.905289073074,0.774809370907145,37.5032781379155,15.5269100284089
"4",114.957771058263,1117.14564253661,255.91475359254,293.673503039041,357.396526024712,770.908075293256,482.21712690587,386.527963614974,213.250385195463,690.477864287538,164.381832470310,975.39280966431,627.267996618807,197.633222199851,316.705651510862,803.857914276448,554.651610597929,63.9450676125819,152.75437458426,145.859926618636,124.389520780488,494.969515982843,155.911633018337,264.162845489470,291.453350874625,397.436567999014,351.417190822628,40.5179716318696,1688.60717515461,290.621314306534,152.258231324677,734.000649201314,411.149892397943,1402.89603536204,592.18172903321,660.277916571884,541.898365485686,583.270444570003,847.441950686023,786.948154165517,377.959914566272,0.790076542045942,38.5282617560646,15.7907645541266
"5",115.474808239806,1123.69089753583,257.690780397002,295.443965339277,360.054665249987,776.114353243939,484.900629553056,388.871448268416,215.589086589109,697.048232797483,166.169319944067,981.384362144647,630.369760132381,198.899174410607,319.593702016005,809.258819345772,559.852651230232,64.4193672338167,153.824172980297,146.830680884902,124.929531086284,496.443289832674,156.623210802889,265.901278919804,293.701665909579,400.513200945272,354.451229729668,41.098230306453,1699.57261224806,293.468167762307,154.166656457480,737.355473949673,414.845593636697,1410.03805610694,596.489648838948,665.809574280016,548.416680206424,590.02806941796,852.99158615514,792.680451925398,388.014540059471,0.805343713184739,39.5532453742138,16.0546190798443
"6",115.991845421349,1130.23615253504,259.466807201463,297.214427639513,362.712804475262,781.320631194622,487.584132200241,391.214932921857,217.927787982755,703.618601307429,167.956807417823,987.375914624984,633.471523645955,200.165126621363,322.481752521148,814.659724415095,565.053691862534,64.8936668550515,154.893971376335,147.801435151168,125.46954139208,497.917063682506,157.334788587441,267.639712350138,295.949980944534,403.58983389153,357.485268636708,41.6784889810365,1710.53804934150,296.315021218081,156.075081590282,740.710298698032,418.541294875451,1417.18007685185,600.797568644685,671.341231988147,554.934994927162,596.785694265917,858.541221624258,798.41274968528,398.069165552669,0.820610884323536,40.5782289923629,16.3184736055620
"7",116.508882602891,1136.78140753425,261.242834005925,298.984889939748,365.370943700537,786.526909145304,490.267634847427,393.558417575299,220.266489376401,710.188969817374,169.74429489158,993.367467105322,636.57328715953,201.431078832119,325.369803026291,820.060629484419,570.254732494837,65.3679664762863,155.963769772372,148.772189417434,126.009551697876,499.390837532337,158.046366371993,269.378145780472,298.198295979488,406.666466837788,360.519307543748,42.2587476556199,1721.50348643495,299.161874673854,157.983506723085,744.06512344639,422.236996114205,1424.32209759675,605.105488450423,676.872889696279,561.4533096479,603.543319113874,864.090857093376,804.145047445161,408.123791045867,0.835878055462333,41.6032126105121,16.5823281312798
"8",117.025919784434,1143.32666253346,263.018860810386,300.755352239984,368.029082925812,791.733187095987,492.951137494612,395.90190222874,222.605190770047,716.75933832732,171.531782365337,999.35901958566,639.675050673103,202.697031042875,328.257853531433,825.461534553743,575.455773127139,65.8422660975211,157.033568168410,149.742943683699,126.549562003672,500.864611382168,158.757944156544,271.116579210806,300.446611014442,409.743099784045,363.553346450789,42.8390063302034,1732.46892352840,302.008728129628,159.891931855888,747.41994819475,425.932697352959,1431.46411834165,609.41340825616,682.40454740441,567.971624368638,610.300943961831,869.640492562494,809.877345205042,418.178416539066,0.85114522660113,42.6281962286612,16.8461826569975
"9",117.542956965977,1149.87191753268,264.794887614848,302.52581454022,370.687222151087,796.93946504667,495.634640141798,398.245386882181,224.943892163693,723.329706837265,173.319269839094,1005.35057206600,642.776814186677,203.962983253631,331.145904036576,830.862439623066,580.656813759442,66.3165657187559,158.103366564447,150.713697949965,127.089572309468,502.338385232,159.469521941096,272.855012641140,302.694926049396,412.819732730303,366.587385357829,43.4192650047868,1743.43436062185,304.855581585401,161.800356988690,750.774772943109,429.628398591713,1438.60613908655,613.721328061897,687.936205112542,574.489939089375,617.058568809788,875.190128031612,815.609642964924,428.233042032264,0.866412397739927,43.6531798468104,17.1100371827152
"10",118.059994147520,1156.41717253189,266.570914419309,304.296276840455,373.345361376362,802.145742997352,498.318142788984,400.588871535623,227.282593557339,729.90007534721,175.106757312850,1011.34212454633,645.878577700252,205.228935464387,334.033954541719,836.26334469239,585.857854391745,66.7908653399907,159.173164960485,151.684452216231,127.629582615264,503.812159081831,160.181099725648,274.593446071474,304.943241084351,415.896365676561,369.621424264869,43.9995236793703,1754.39979771530,307.702435041175,163.708782121493,754.129597691467,433.324099830467,1445.74815983146,618.029247867635,693.467862820673,581.008253810113,623.816193657745,880.73976350073,821.341940724805,438.287667525463,0.881679568878724,44.6781634649595,17.3738917084329
"11",118.577031329062,1162.96242753110,268.346941223771,306.066739140691,376.003500601637,807.352020948035,501.001645436169,402.932356189064,229.621294950985,736.470443857156,176.894244786607,1017.33367702667,648.980341213826,206.494887675142,336.922005046862,841.664249761714,591.058895024047,67.2651649612255,160.242963356522,152.655206482497,128.169592921060,505.285932931662,160.8926775102,276.331879501808,307.191556119305,418.972998622819,372.655463171910,44.5797823539537,1765.36523480875,310.549288496948,165.617207254296,757.484422439826,437.019801069221,1452.89018057636,622.337167673372,698.999520528805,587.526568530851,630.573818505702,886.289398969847,827.074238484686,448.342293018661,0.89694674001752,45.7031470831087,17.6377462341506
"12",119.094068510605,1169.50768253031,270.122968028232,307.837201440927,378.661639826912,812.558298898718,503.685148083355,405.275840842506,231.959996344631,743.040812367101,178.681732260364,1023.32522950701,652.0821047274,207.760839885898,339.810055552004,847.065154831037,596.25993565635,67.7394645824603,161.312761752559,153.625960748763,128.709603226856,506.759706781494,161.604255294752,278.070312932142,309.439871154259,422.049631569076,375.68950207895,45.1600410285372,1776.3306719022,313.396141952722,167.525632387098,760.839247188185,440.715502307974,1460.03220132126,626.64508747911,704.531178236937,594.044883251589,637.331443353659,891.839034438965,832.806536244568,458.39691851186,0.912213911156317,46.7281307012578,17.9016007598683
"13",119.611105692148,1176.05293752953,271.898994832694,309.607663741162,381.319779052187,817.7645768494,506.36865073054,407.619325495947,234.298697738277,749.611180877047,180.469219734121,1029.31678198735,655.183868240974,209.026792096654,342.698106057147,852.466059900361,601.460976288652,68.2137642036951,162.382560148597,154.596715015029,129.249613532652,508.233480631325,162.315833079304,279.808746362476,311.688186189214,425.126264515334,378.72354098599,45.7402997031206,1787.29610899565,316.242995408495,169.434057519901,764.194071936544,444.411203546728,1467.17422206616,630.953007284847,710.062835945068,600.563197972327,644.089068201615,897.388669908083,838.53883400445,468.451544005058,0.927481082295114,47.753114319407,18.165455285586
"14",120.128142873690,1182.59819252874,273.675021637155,311.378126041398,383.977918277462,822.970854800083,509.052153377726,409.962810149388,236.637399131923,756.181549386992,182.256707207878,1035.30833446768,658.285631754548,210.29274430741,345.58615656229,857.866964969685,606.662016920955,68.6880638249299,163.452358544634,155.567469281295,129.789623838448,509.707254481156,163.027410863856,281.54717979281,313.936501224168,428.202897461592,381.75757989303,46.3205583777041,1798.2615460891,319.089848864269,171.342482652703,767.548896684903,448.106904785482,1474.31624281106,635.260927090584,715.5944936532,607.081512693065,650.846693049572,902.9383053772,844.27113176433,478.506169498257,0.942748253433911,48.7780979375561,18.4293098113037
"15",120.645180055233,1189.14344752795,275.451048441617,313.148588341634,386.636057502737,828.177132750766,511.735656024912,412.30629480283,238.976100525569,762.751917896937,184.044194681634,1041.29988694802,661.387395268122,211.558696518166,348.474207067433,863.267870039009,611.863057553258,69.1623634461647,164.522156940672,156.538223547561,130.329634144244,511.181028330988,163.738988648408,283.285613223144,316.184816259122,431.27953040785,384.791618800071,46.9008170522875,1809.22698318255,321.936702320042,173.250907785506,770.903721433261,451.802606024236,1481.45826355597,639.568846896322,721.126151361331,613.599827413803,657.60431789753,908.487940846319,850.003429524212,488.560794991455,0.958015424572708,49.8030815557053,18.6931643370214
"16",121.162217236776,1195.68870252716,277.227075246078,314.919050641869,389.294196728012,833.383410701448,514.419158672097,414.649779456271,241.314801919215,769.322286406883,185.831682155391,1047.29143942836,664.489158781696,212.824648728922,351.362257572575,868.668775108332,617.06409818556,69.6366630673995,165.591955336709,157.508977813827,130.869644450040,512.654802180819,164.450566432960,285.024046653478,318.433131294077,434.356163354107,387.825657707111,47.481075726871,1820.19242027600,324.783555775816,175.159332918309,774.25854618162,455.49830726299,1488.60028430087,643.876766702059,726.657809069463,620.118142134541,664.361942745486,914.037576315436,855.735727284093,498.615420484653,0.973282595711505,50.8280651738544,18.9570188627391
"17",121.679254418319,1202.23395752638,279.00310205054,316.689512942105,391.952335953287,838.589688652131,517.102661319283,416.993264109713,243.653503312861,775.892654916828,187.619169629148,1053.28299190870,667.59092229527,214.090600939678,354.250308077718,874.069680177656,622.265138817863,70.1109626886343,166.661753732746,158.479732080093,131.409654755836,514.12857603065,165.162144217511,286.762480083812,320.681446329031,437.432796300365,390.859696614151,48.0613344014544,1831.15785736945,327.630409231589,177.067758051111,777.613370929979,459.194008501744,1495.74230504577,648.184686507797,732.189466777594,626.636456855279,671.119567593443,919.587211784554,861.468025043975,508.670045977852,0.988549766850302,51.8530487920035,19.2208733884568
"18",122.196291599861,1208.77921252559,280.779128855001,318.459975242341,394.610475178562,843.795966602814,519.786163966468,419.336748763154,245.992204706507,782.463023426774,189.406657102905,1059.27454438903,670.692685808844,215.356553150434,357.138358582861,879.47058524698,627.466179450165,70.5852623098691,167.731552128784,159.450486346358,131.949665061631,515.602349880482,165.873722002063,288.500913514146,322.929761363985,440.509429246623,393.893735521191,48.6415930760379,1842.12329446290,330.477262687362,178.976183183914,780.968195678338,462.889709740498,1502.88432579067,652.492606313534,737.721124485726,633.154771576017,677.8771924414,925.136847253672,867.200322803856,518.72467147105,1.0038169379891,52.8780324101527,19.4847279141745
"19",122.713328781404,1215.32446752480,282.555155659463,320.230437542576,397.268614403837,849.002244553496,522.469666613654,421.680233416596,248.330906100153,789.03339193672,191.194144576661,1065.26609686937,673.794449322418,216.622505361190,360.026409088004,884.871490316303,632.667220082468,71.0595619311039,168.801350524821,160.421240612624,132.489675367427,517.076123730313,166.585299786615,290.23934694448,325.178076398939,443.586062192881,396.927774428232,49.2218517506213,1853.08873155635,333.324116143136,180.884608316717,784.323020426697,466.585410979252,1510.02634653558,656.800526119272,743.252782193857,639.673086296755,684.634817289357,930.68648272279,872.932620563737,528.779296964249,1.01908410912790,53.9030160283018,19.7485824398922
"20",123.230365962947,1221.86972252401,284.331182463924,322.000899842812,399.926753629112,854.208522504179,525.153169260839,424.023718070037,250.669607493798,795.603760446665,192.981632050418,1071.25764934971,676.896212835992,217.888457571945,362.914459593146,890.272395385627,637.86826071477,71.5338615523387,169.871148920859,161.391994878890,133.029685673223,518.549897580144,167.296877571167,291.977780374814,327.426391433894,446.662695139139,399.961813335272,49.8021104252048,1864.05416864980,336.170969598909,182.793033449519,787.677845175056,470.281112218006,1517.16836728048,661.108445925009,748.784439901989,646.191401017493,691.392442137314,936.236118191908,878.664918323619,538.833922457447,1.03435128026669,54.927999646451,20.0124369656099
"21",123.747403144490,1228.41497752323,286.107209268386,323.771362143048,402.584892854387,859.414800454862,527.836671908025,426.367202723478,253.008308887444,802.17412895661,194.769119524175,1077.24920183005,679.997976349566,219.154409782701,365.802510098289,895.67330045495,643.069301347073,72.0081611735735,170.940947316896,162.362749145156,133.569695979019,520.023671429976,168.008455355719,293.716213805148,329.674706468848,449.739328085396,402.995852242312,50.3823690997882,1875.01960574324,339.017823054683,184.701458582322,791.032669923414,473.97681345676,1524.31038802538,665.416365730746,754.31609761012,652.70971573823,698.150066985271,941.785753661025,884.3972160835,548.888547950646,1.04961845140549,55.9529832646001,20.2762914913276
"22",124.264440326032,1234.96023252244,287.883236072847,325.541824443283,405.243032079662,864.621078405544,530.520174555211,428.71068737692,255.347010281090,808.744497466555,196.556606997932,1083.24075431038,683.09973986314,220.420361993457,368.690560603432,901.074205524274,648.270341979376,72.4824607948083,172.010745712934,163.333503411422,134.109706284815,521.497445279807,168.720033140271,295.454647235482,331.923021503802,452.815961031654,406.029891149352,50.9626277743717,1885.98504283669,341.864676510456,186.609883715125,794.387494671773,477.672514695514,1531.45240877028,669.724285536484,759.847755318252,659.228030458969,704.907691833228,947.335389130143,890.129513843381,558.943173443844,1.06488562254429,56.9779668827493,20.5401460170454
"23",124.781477507575,1241.50548752165,289.659262877309,327.312286743519,407.901171304937,869.827356356227,533.203677202396,431.054172030361,257.685711674736,815.3148659765,198.344094471689,1089.23230679072,686.201503376714,221.686314204213,371.578611108575,906.475110593598,653.471382611678,72.9567604160431,173.080544108971,164.304257677688,134.649716590611,522.971219129638,169.431610924823,297.193080665816,334.171336538757,455.892593977912,409.063930056393,51.5428864489551,1896.95047993014,344.71152996623,188.518308847927,797.742319420132,481.368215934267,1538.59442951519,674.032205342221,765.379413026383,665.746345179707,711.665316681185,952.88502459926,895.861811603263,568.997798937043,1.08015279368308,58.0029505008984,20.8040005427631
"24",125.298514689118,1248.05074252087,291.43528968177,329.082749043755,410.559310530212,875.03363430691,535.887179849582,433.397656683803,260.024413068382,821.885234486446,200.131581945445,1095.22385927106,689.303266890288,222.952266414969,374.466661613717,911.876015662922,658.672423243981,73.4310600372779,174.150342505008,165.275011943954,135.189726896407,524.44499297947,170.143188709375,298.93151409615,336.419651573711,458.969226924170,412.097968963433,52.1231451235386,1907.91591702359,347.558383422003,190.42673398073,801.097144168491,485.063917173021,1545.73645026009,678.340125147959,770.911070734515,672.264659900445,718.422941529142,958.434660068379,901.594109363144,579.052424430241,1.09541996482188,59.0279341190476,21.0678550684808
"25",125.815551870660,1254.59599752008,293.211316486232,330.853211343990,413.217449755487,880.239912257592,538.570682496767,435.741141337244,262.363114462028,828.455602996392,201.919069419202,1101.21541175140,692.405030403862,224.218218625725,377.35471211886,917.276920732246,663.873463876284,73.9053596585127,175.220140901046,166.245766210220,135.729737202203,525.918766829301,170.854766493927,300.669947526484,338.667966608665,462.045859870427,415.132007870473,52.703403798122,1918.88135411704,350.405236877777,192.335159113533,804.45196891685,488.759618411775,1552.87847100499,682.648044953696,776.442728442646,678.782974621182,725.180566377099,963.984295537496,907.326407123025,589.10704992344,1.11068713596068,60.0529177371967,21.3317095941985
"26",126.332589052203,1261.14125251929,294.987343290693,332.623673644226,415.875588980762,885.446190208275,541.254185143953,438.084625990685,264.701815855674,835.025971506337,203.706556892959,1107.20696423173,695.506793917436,225.484170836481,380.242762624003,922.677825801569,669.074504508586,74.3796592797475,176.289939297083,167.216520476486,136.269747507999,527.392540679132,171.566344278479,302.408380956818,340.916281643620,465.122492816685,418.166046777514,53.2836624727055,1929.84679121049,353.25209033355,194.243584246335,807.806793665209,492.455319650529,1560.02049174989,686.955964759433,781.974386150778,685.30128934192,731.938191225055,969.533931006614,913.058704882907,599.161675416638,1.12595430709947,61.0779013553459,21.5955641199162
"27",126.849626233746,1267.68650751850,296.763370095155,334.394135944462,418.533728206037,890.652468158958,543.937687791139,440.428110644127,267.04051724932,841.596340016283,205.494044366716,1113.19851671207,698.60855743101,226.750123047237,383.130813129146,928.078730870893,674.275545140889,74.8539589009823,177.359737693121,168.187274742751,136.809757813795,528.866314528964,172.277922063030,304.146814387152,343.164596678574,468.199125762943,421.200085684554,53.8639211472889,1940.81222830394,356.098943789324,196.152009379138,811.161618413567,496.151020889283,1567.16251249480,691.263884565171,787.50604385891,691.819604062658,738.695816073012,975.083566475732,918.791002642788,609.216300909836,1.14122147823827,62.102884973495,21.8594186456339
"28",127.366663415289,1274.23176251772,298.539396899616,336.164598244697,421.191867431312,895.85874610964,546.621190438324,442.771595297568,269.379218642966,848.166708526228,207.281531840472,1119.19006919241,701.710320944584,228.016075257993,386.018863634288,933.479635940217,679.476585773191,75.328258522217,178.429536089158,169.158029009017,137.349768119591,530.340088378795,172.989499847582,305.885247817486,345.412911713528,471.275758709201,424.234124591594,54.4441798218724,1951.77766539739,358.945797245097,198.060434511941,814.516443161926,499.846722128037,1574.30453323970,695.571804370908,793.037701567041,698.337918783396,745.453440920969,980.63320194485,924.52330040267,619.270926403035,1.15648864937707,63.1278685916442,22.1232731713516
"29",127.883700596831,1280.77701751693,300.315423704078,337.935060544933,423.850006656587,901.065024060323,549.30469308551,445.11507995101,271.717920036612,854.737077036173,209.069019314229,1125.18162167275,704.812084458158,229.282027468748,388.906914139431,938.88054100954,684.677626405494,75.8025581434519,179.499334485195,170.128783275283,137.889778425387,531.813862228626,173.701077632134,307.62368124782,347.661226748482,474.352391655458,427.268163498634,55.0244384964558,1962.74310249084,361.792650700871,199.968859644743,817.871267910285,503.542423366791,1581.4465539846,699.879724176646,798.569359275172,704.856233504134,752.211065768926,986.182837413968,930.255598162551,629.325551896233,1.17175582051587,64.1528522097933,22.3871276970693
"30",128.400737778374,1287.32227251614,302.091450508539,339.705522845169,426.508145881862,906.271302011005,551.988195732695,447.458564604451,274.056621430258,861.307445546119,210.856506787986,1131.17317415308,707.913847971732,230.547979679504,391.794964644574,944.281446078864,689.878667037797,76.2768577646867,180.569132881233,171.099537541549,138.429788731183,533.287636078458,174.412655416686,309.362114678154,349.909541783437,477.429024601716,430.302202405675,55.6046971710393,1973.70853958429,364.639504156644,201.877284777546,821.226092658644,507.238124605545,1588.58857472950,704.187643982383,804.101016983304,711.374548224872,758.968690616883,991.732472883085,935.987895922432,639.380177389432,1.18702299165466,65.1778358279425,22.650982222787
"31",128.917774959917,1293.86752751535,303.867477313001,341.475985145404,429.166285107137,911.477579961688,554.671698379881,449.802049257892,276.395322823904,867.877814056064,212.643994261743,1137.16472663342,711.015611485306,231.813931890260,394.683015149716,949.682351148188,695.079707670099,76.7511573859215,181.638931277270,172.070291807815,138.969799036979,534.761409928289,175.124233201238,311.100548108488,352.157856818391,480.505657547974,433.336241312715,56.1849558456227,1984.67397667774,367.486357612417,203.785709910348,824.580917407003,510.933825844299,1595.73059547440,708.49556378812,809.632674691435,717.89286294561,765.72631546484,997.282108352203,941.720193682313,649.43480288263,1.20229016279346,66.2028194460916,22.9148367485047
"32",129.434812141460,1300.41278251457,305.643504117462,343.24644744564,431.824424332412,916.68385791237,557.355201027067,452.145533911334,278.73402421755,874.44818256601,214.431481735500,1143.15627911376,714.11737499888,233.079884101016,397.571065654859,955.083256217512,700.280748302402,77.2254570071563,182.708729673308,173.041046074081,139.509809342775,536.23518377812,175.83581098579,312.838981538822,354.406171853345,483.582290494232,436.370280219755,56.7652145202062,1995.63941377119,370.333211068191,205.694135043151,827.935742155362,514.629527083053,1602.87261621931,712.803483593858,815.164332399567,724.411177666348,772.483940312797,1002.83174382132,947.452491442195,659.489428375829,1.21755733393226,67.2278030642408,23.1786912742224
"33",129.951849323002,1306.95803751378,307.419530921924,345.016909745876,434.482563557687,921.890135863054,560.038703674252,454.489018564775,281.072725611196,881.018551075955,216.218969209256,1149.14783159409,717.219138512454,234.345836311772,400.459116160002,960.484161286835,705.481788934704,77.699756628391,183.778528069345,174.011800340347,140.049819648571,537.708957627952,176.547388770342,314.577414969156,356.6544868883,486.658923440489,439.404319126795,57.3454731947896,2006.60485086464,373.180064523964,207.602560175954,831.29056690372,518.325228321807,1610.01463696421,717.111403399595,820.695990107698,730.929492387086,779.241565160754,1008.38137929044,953.184789202076,669.544053869027,1.23282450507105,68.2527866823899,23.4425457999401
"34",130.468886504545,1313.50329251299,309.195557726385,346.787372046111,437.140702782962,927.096413813736,562.722206321438,456.832503218217,283.411427004842,887.5889195859,218.006456683013,1155.13938407443,720.320902026028,235.611788522528,403.347166665145,965.88506635616,710.682829567007,78.1740562496258,184.848326465383,174.982554606613,140.589829954367,539.182731477783,177.258966554894,316.315848399489,358.902801923254,489.735556386747,442.438358033836,57.9257318693731,2017.57028795809,376.026917979738,209.510985308756,834.64539165208,522.020929560560,1617.15665770911,721.419323205333,826.22764781583,737.447807107824,785.99919000871,1013.93101475956,958.917086961958,679.598679362226,1.24809167620985,69.277770300539,23.7064003256578
"35",130.985923686088,1320.04854751220,310.971584530847,348.557834346347,439.798842008237,932.302691764419,565.405708968623,459.175987871658,285.750128398488,894.159288095846,219.79394415677,1161.13093655477,723.422665539602,236.877740733284,406.235217170287,971.285971425483,715.88387019931,78.6483558708606,185.91812486142,175.953308872879,141.129840260163,540.656505327614,177.970544339446,318.054281829823,361.151116958208,492.812189333005,445.472396940876,58.5059905439565,2028.53572505154,378.873771435511,211.419410441559,838.000216400438,525.716630799314,1624.29867845401,725.72724301107,831.759305523962,743.966121828562,792.756814856668,1019.48065022867,964.649384721839,689.653304855424,1.26335884734865,70.3027539186882,23.9702548513755
"36",131.502960867630,1326.59380251142,312.747611335308,350.328296646583,442.456981233512,937.508969715101,568.089211615809,461.519472525100,288.088829792134,900.729656605791,221.581431630527,1167.12248903511,726.524429053177,238.143692944040,409.12326767543,976.686876494806,721.084910831612,79.1226554920954,186.987923257457,176.924063139145,141.669850565959,542.130279177446,178.682122123997,319.792715260157,363.399431993163,495.888822279263,448.506435847916,59.08624921854,2039.50116214498,381.720624891285,213.327835574362,841.355041148797,529.412332038068,1631.44069919892,730.035162816808,837.290963232093,750.4844365493,799.514439704625,1025.03028569779,970.38168248172,699.707930348623,1.27862601848744,71.3277375368374,24.2341093770932
"37",132.019998049173,1333.13905751063,314.523638139770,352.098758946818,445.115120458787,942.715247665784,570.772714262995,463.862957178541,290.427531185780,907.300025115737,223.368919104283,1173.11404151544,729.62619256675,239.409645154795,412.011318180573,982.08778156413,726.285951463915,79.5969551133302,188.057721653495,177.894817405410,142.209860871755,543.604053027277,179.393699908549,321.531148690491,365.647747028117,498.96545522552,451.540474754956,59.6665078931234,2050.46659923843,384.567478347058,215.236260707164,844.709865897156,533.108033276822,1638.58271994382,734.343082622545,842.822620940225,757.002751270038,806.272064552581,1030.57992116691,976.113980241602,709.762555841821,1.29389318962624,72.3527211549865,24.4979639028110
"38",132.537035230716,1339.68431250984,316.299664944231,353.869221247054,447.773259684062,947.921525616467,573.45621691018,466.206441831982,292.766232579426,913.870393625682,225.156406578040,1179.10559399578,732.727956080324,240.675597365551,414.899368685716,987.488686633454,731.486992096217,80.071254734565,189.127520049532,178.865571671676,142.749871177551,545.077826877108,180.105277693101,323.269582120825,367.896062063071,502.042088171778,454.574513661997,60.2467665677069,2061.43203633188,387.414331802832,217.144685839967,848.064690645515,536.803734515576,1645.72474068872,738.651002428282,848.354278648356,763.521065990776,813.029689400538,1036.12955663603,981.846278001483,719.81718133502,1.30916036076504,73.3777047731356,24.7618184285287
"39",133.054072412259,1346.22956750905,318.075691748693,355.63968354729,450.431398909337,953.12780356715,576.139719557366,468.549926485424,295.104933973072,920.440762135628,226.943894051797,1185.09714647612,735.829719593899,241.941549576307,417.787419190858,992.889591702777,736.68803272852,80.5455543557998,190.197318445570,179.836325937942,143.289881483347,546.55160072694,180.816855477653,325.008015551159,370.144377098026,505.118721118036,457.608552569037,60.8270252422903,2072.39747342533,390.261185258605,219.053110972770,851.419515393873,540.49943575433,1652.86676143362,742.95892223402,853.885936356488,770.039380711514,819.787314248495,1041.67919210515,987.578575761364,729.871806828218,1.32442753190384,74.4026883912848,25.0256729542464
"40",133.571109593801,1352.77482250827,319.851718553154,357.410145847525,453.089538134612,958.334081517832,578.823222204551,470.893411138865,297.443635366718,927.011130645573,228.731381525554,1191.08869895646,738.931483107473,243.207501787063,420.675469696001,998.290496772101,741.889073360823,81.0198539770346,191.267116841607,180.807080204208,143.829891789142,548.025374576771,181.528433262205,326.746448981493,372.39269213298,508.195354064294,460.642591476077,61.4072839168738,2083.36291051878,393.108038714379,220.961536105572,854.774340142232,544.195136993084,1660.00878217853,747.266842039757,859.41759406462,776.557695432252,826.544939096452,1047.22882757426,993.310873521246,739.926432321416,1.33969470304263,75.427672009434,25.2895274799641
"41",134.088146775344,1359.32007750748,321.627745357616,359.180608147761,455.747677359887,963.540359468515,581.506724851737,473.236895792307,299.782336760363,933.581499155518,230.518868999311,1197.08025143679,742.033246621047,244.473453997819,423.563520201144,1003.69140184142,747.090113993125,81.4941535982694,192.336915237645,181.777834470474,144.369902094938,549.499148426602,182.240011046757,328.484882411827,374.641007167934,511.271987010551,463.676630383118,61.9875425914572,2094.32834761223,395.954892170152,222.869961238375,858.129164890591,547.890838231838,1667.15080292343,751.574761845495,864.94925177275,783.07601015299,833.30256394441,1052.77846304338,999.043171281127,749.981057814615,1.35496187418143,76.4526556275831,25.5533820056818
"42",134.605183956887,1365.86533250669,323.403772162077,360.951070447997,458.405816585162,968.746637419197,584.190227498922,475.580380445748,302.121038154009,940.151867665464,232.306356473067,1203.07180391713,745.13501013462,245.739406208575,426.451570706287,1009.09230691075,752.291154625428,81.9684532195042,193.406713633682,182.74858873674,144.909912400734,550.972922276434,182.951588831309,330.223315842161,376.889322202888,514.348619956809,466.710669290158,62.5678012660407,2105.29378470568,398.801745625926,224.778386371178,861.48398963895,551.586539470592,1674.29282366833,755.882681651232,870.480909480882,789.594324873727,840.060188792366,1058.32809851250,1004.77546904101,760.035683307813,1.37022904532023,77.4776392457322,25.8172365313995
"43",135.122221138430,1372.41058750591,325.179798966539,362.721532748232,461.063955810437,973.95291536988,586.873730146108,477.923865099189,304.459739547655,946.72223617541,234.093843946824,1209.06335639747,748.236773648195,247.005358419331,429.339621211429,1014.49321198007,757.49219525773,82.442752840739,194.476512029719,183.719343003006,145.449922706530,552.446696126265,183.663166615861,331.961749272495,379.137637237843,517.425252903067,469.744708197198,63.1480599406241,2116.25922179913,401.648599081699,226.686811503980,864.838814387309,555.282240709346,1681.43484441323,760.19060145697,876.012567189014,796.112639594465,846.817813640323,1063.87773398162,1010.50776680089,770.090308801012,1.38549621645902,78.5026228638814,26.0810910571172
"44",135.639258319972,1378.95584250512,326.955825771,364.491995048468,463.722095035712,979.159193320563,589.557232793294,480.267349752631,306.798440941301,953.292604685355,235.881331420581,1215.05490887781,751.338537161769,248.271310630087,432.227671716572,1019.89411704940,762.693235890033,82.9170524619738,195.546310425757,184.690097269272,145.989933012326,553.920469976096,184.374744400413,333.700182702829,381.385952272797,520.501885849325,472.778747104238,63.7283186152076,2127.22465889258,404.495452537472,228.595236636783,868.193639135668,558.9779419481,1688.57686515813,764.498521262707,881.544224897145,802.630954315203,853.57543848828,1069.42736945073,1016.24006456077,780.14493429421,1.40076338759782,79.5276064820305,26.3449455828349
"45",136.156295501515,1385.50109750433,328.731852575462,366.262457348704,466.380234260987,984.365471271245,592.240735440479,482.610834406072,309.137142334947,959.8629731953,237.668818894338,1221.04646135814,754.440300675343,249.537262840843,435.115722221715,1025.29502211872,767.894276522336,83.3913520832086,196.616108821794,185.660851535538,146.529943318122,555.394243825928,185.086322184965,335.438616133163,383.634267307751,523.578518795582,475.812786011279,64.308577289791,2138.19009598603,407.342305993246,230.503661769585,871.548463884026,562.673643186853,1695.71888590304,768.806441068444,887.075882605277,809.149269035941,860.333063336237,1074.97700491985,1021.97236232065,790.199559787409,1.41603055873662,80.5525901001797,26.6088001085526
"46",136.673332683058,1392.04635250354,330.507879379923,368.032919648939,469.038373486262,989.571749221928,594.924238087665,484.954319059514,311.475843728593,966.433341705246,239.456306368094,1227.03801383848,757.542064188917,250.803215051598,438.003772726858,1030.69592718804,773.095317154638,83.8656517044434,197.685907217832,186.631605801803,147.069953623918,556.868017675759,185.797899969516,337.177049563497,385.882582342706,526.65515174184,478.846824918319,64.8888359643745,2149.15553307948,410.189159449019,232.412086902388,874.903288632385,566.369344425607,1702.86090664794,773.114360874182,892.607540313408,815.667583756679,867.090688184194,1080.52664038897,1027.70466008053,800.254185280607,1.43129772987541,81.5775737183288,26.8726546342703
"47",137.190369864600,1398.59160750276,332.283906184385,369.803381949175,471.696512711537,994.77802717261,597.60774073485,487.297803712955,313.814545122239,973.00371021519,241.243793841851,1233.02956631882,760.643827702491,252.069167262354,440.891823232,1036.09683225737,778.296357786941,84.3399513256782,198.755705613869,187.602360068069,147.609963929714,558.34179152559,186.509477754068,338.915482993831,388.13089737766,529.731784688098,481.880863825359,65.4690946389579,2160.12097017293,413.036012904793,234.320512035191,878.258113380744,570.065045664361,1710.00292739284,777.422280679919,898.13919802154,822.185898477417,873.84831303215,1086.07627585809,1033.43695784042,810.308810773805,1.44656490101421,82.602557336478,27.136509159988
"48",137.707407046143,1405.13686250197,334.059932988846,371.573844249411,474.354651936812,999.984305123293,600.291243382036,489.641288366396,316.153246515885,979.574078725136,243.031281315608,1239.02111879916,763.745591216065,253.335119473110,443.779873737143,1041.49773732669,783.497398419243,84.814250946913,199.825504009906,188.573114334335,148.14997423551,559.815565375422,187.221055538620,340.653916424165,390.379212412614,532.808417634356,484.914902732399,66.0493533135414,2171.08640726638,415.882866360566,236.228937167993,881.612938129103,573.760746903115,1717.14494813774,781.730200485656,903.670855729671,828.704213198155,880.605937880108,1091.62591132721,1039.16925560030,820.363436267004,1.46183207215301,83.6275409546271,27.4003636857057
"49",138.224444227686,1411.68211750118,335.835959793308,373.344306549646,477.012791162087,1005.19058307398,602.974746029222,491.984773019838,318.491947909531,986.144447235082,244.818768789365,1245.01267127949,766.847354729639,254.601071683866,446.667924242286,1046.89864239601,788.698439051546,85.2885505681478,200.895302405944,189.543868600601,148.689984541306,561.289339225253,187.932633323172,342.392349854499,392.627527447569,535.885050580613,487.94894163944,66.6296119881248,2182.05184435983,418.72971981634,238.137362300796,884.967762877462,577.456448141869,1724.28696888265,786.038120291394,909.202513437803,835.222527918893,887.363562728065,1097.17554679632,1044.90155336018,830.418061760202,1.47709924329180,84.6525245727763,27.6642182114234
"50",138.741481409229,1418.22737250039,337.611986597769,375.114768849882,479.670930387362,1010.39686102466,605.658248676407,494.328257673279,320.830649303177,992.714815745027,246.606256263122,1251.00422375983,769.949118243213,255.867023894622,449.555974747429,1052.29954746534,793.899479683849,85.7628501893826,201.965100801981,190.514622866867,149.229994847102,562.763113075084,188.644211107724,344.130783284833,394.875842482523,538.961683526871,490.98298054648,67.2098706627083,2193.01728145328,421.576573272113,240.045787433599,888.32258762582,581.152149380623,1731.42898962755,790.346040097131,914.734171145934,841.740842639631,894.121187576021,1102.72518226544,1050.63385112006,840.472687253401,1.49236641443060,85.6775081909254,27.9280727371411
"51",139.258518590771,1424.77262749961,339.388013402231,376.885231150118,482.329069612638,1015.60313897534,608.341751323593,496.671742326721,323.169350696823,999.285184254973,248.393743736878,1256.99577624017,773.050881756787,257.132976105378,452.444025252571,1057.70045253466,799.100520316151,86.2371498106174,203.034899198019,191.485377133133,149.770005152898,564.236886924916,189.355788892276,345.869216715167,397.124157517477,542.038316473129,494.01701945352,67.7901293372917,2203.98271854672,424.423426727887,241.954212566401,891.67741237418,584.847850619377,1738.57101037245,794.653959902869,920.265828854066,848.259157360369,900.878812423978,1108.27481773456,1056.36614887994,850.527312746599,1.5076335855694,86.7024918090746,28.1919272628588
"52",139.775555772314,1431.31788249882,341.164040206692,378.655693450354,484.987208837913,1020.80941692602,611.025253970778,499.015226980162,325.508052090469,1005.85555276492,250.181231210635,1262.98732872051,776.152645270361,258.398928316134,455.332075757714,1063.10135760399,804.301560948454,86.7114494318522,204.104697594056,192.456131399399,150.310015458694,565.710660774747,190.067366676828,347.607650145501,399.372472552431,545.114949419387,497.05105836056,68.3703880118752,2214.94815564017,427.27028018366,243.862637699204,895.032237122538,588.543551858131,1745.71303111735,798.961879708606,925.797486562197,854.777472081107,907.636437271935,1113.82445320368,1062.09844663982,860.581938239798,1.52290075670820,87.7274754272237,28.4557817885766
"53",140.292592953857,1437.86313749803,342.940067011154,380.426155750589,487.645348063188,1026.01569487671,613.708756617964,501.358711633603,327.846753484115,1012.42592127486,251.968718684392,1268.97888120084,779.254408783935,259.664880526890,458.220126262857,1068.50226267331,809.502601580757,87.185749053087,205.174495990094,193.426885665665,150.85002576449,567.184434624578,190.778944461380,349.346083575835,401.620787587386,548.191582365644,500.085097267601,68.9506466864586,2225.91359273362,430.117133639434,245.771062832007,898.387061870897,592.239253096885,1752.85505186226,803.269799514344,931.329144270329,861.295786801845,914.394062119892,1119.37408867279,1067.83074439970,870.636563732996,1.53816792784699,88.7524590453729,28.7196363142943
"54",140.809630135400,1444.40839249724,344.716093815615,382.196618050825,490.303487288463,1031.22197282739,616.39225926515,503.702196287045,330.185454877761,1018.99628978481,253.756206158149,1274.97043368118,782.35617229751,260.930832737646,461.108176768,1073.90316774263,814.703642213059,87.6600486743218,206.244294386131,194.397639931931,151.390036070286,568.65820847441,191.490522245932,351.084517006169,403.86910262234,551.268215311902,503.119136174641,69.5309053610421,2236.87902982707,432.963987095207,247.679487964809,901.741886619256,595.934954335639,1759.99707260716,807.577719320081,936.86080197846,867.814101522583,921.151686967849,1124.92372414191,1073.56304215958,880.691189226195,1.55343509898579,89.777442663522,28.9834908400120
"55",141.326667316942,1450.95364749646,346.492120620077,383.967080351061,492.961626513738,1036.42825077807,619.075761912335,506.045680940486,332.524156271407,1025.56665829475,255.543693631906,1280.96198616152,785.457935811083,262.196784948402,463.996227273142,1079.30407281196,819.904682845362,88.1343482955566,207.314092782168,195.368394198197,151.930046376082,570.131982324241,192.202100030484,352.822950436503,406.117417657294,554.34484825816,506.153175081681,70.1111640356255,2247.84446692052,435.810840550981,249.587913097612,905.096711367615,599.630655574393,1767.13909335206,811.885639125818,942.392459686592,874.33241624332,927.909311815806,1130.47335961103,1079.29533991947,890.745814719393,1.56870227012459,90.8024262816712,29.2473453657297
"56",141.843704498485,1457.49890249567,348.268147424538,385.737542651296,495.619765739013,1041.63452872875,621.759264559521,508.389165593928,334.862857665053,1032.1370268047,257.331181105662,1286.95353864186,788.559699324657,263.462737159157,466.884277778285,1084.70497788128,825.105723477664,88.6086479167914,208.383891178206,196.339148464462,152.470056681878,571.605756174072,192.913677815035,354.561383866837,408.365732692249,557.421481204418,509.187213988722,70.691422710209,2258.80990401397,438.657694006754,251.496338230415,908.451536115974,603.326356813147,1774.28111409696,816.193558931556,947.924117394723,880.850730964059,934.666936663763,1136.02299508015,1085.02763767935,900.800440212592,1.58396944126338,91.8274098998203,29.5111998914474
"57",142.360741680028,1464.04415749488,350.044174229,387.508004951532,498.277904964288,1046.84080667944,624.442767206706,510.732650247369,337.201559058699,1038.70739531465,259.118668579419,1292.94509112219,791.661462838231,264.728689369913,469.772328283428,1090.10588295060,830.306764109967,89.0829475380262,209.453689574243,197.309902730728,153.010066987674,573.079530023904,193.625255599587,356.299817297171,410.614047727203,560.498114150675,512.221252895762,71.2716813847924,2269.77534110742,441.504547462528,253.404763363217,911.806360864332,607.0220580519,1781.42313484187,820.501478737293,953.455775102855,887.369045684797,941.42456151172,1141.57263054927,1090.75993543923,910.85506570579,1.59923661240218,92.8523935179695,29.7750544171651
"58",142.877778861570,1470.58941249409,351.820201033461,389.278467251768,500.936044189563,1052.04708463012,627.126269853892,513.076134900811,339.540260452345,1045.27776382459,260.906156053176,1298.93664360253,794.763226351805,265.994641580669,472.66037878857,1095.50678801993,835.50780474227,89.557247159261,210.523487970281,198.280656996994,153.550077293470,574.553303873735,194.336833384139,358.038250727505,412.862362762157,563.574747096933,515.255291802802,71.8519400593759,2280.74077820087,444.351400918301,255.31318849602,915.161185612691,610.717759290654,1788.56515558677,824.80939854303,958.987432810987,893.887360405535,948.182186359677,1147.12226601838,1096.49223319911,920.909691198988,1.61450378354098,93.8773771361186,30.0389089428828
"59",143.394816043113,1477.13466749331,353.596227837923,391.048929552003,503.594183414838,1057.25336258080,629.809772501078,515.419619554252,341.878961845991,1051.84813233454,262.693643526933,1304.92819608287,797.86498986538,267.260593791425,475.548429293713,1100.90769308925,840.708845374572,90.0315467804958,211.593286366318,199.25141126326,154.090087599266,576.027077723566,195.048411168691,359.776684157839,415.110677797112,566.651380043191,518.289330709842,72.4321987339593,2291.70621529432,447.198254374074,257.221613628823,918.51601036105,614.413460529408,1795.70717633167,829.117318348768,964.519090519118,900.405675126272,954.939811207634,1152.67190148750,1102.22453095899,930.964316692187,1.62977095467977,94.9023607542677,30.3027634686005
"60",143.911853224656,1483.67992249252,355.372254642384,392.819391852239,506.252322640113,1062.45964053149,632.493275148263,517.763104207693,344.217663239637,1058.41850084448,264.481131000689,1310.91974856321,800.966753378953,268.526546002181,478.436479798856,1106.30859815858,845.909886006875,90.5058464017306,212.663084762355,200.222165529526,154.630097905062,577.500851573398,195.759988953243,361.515117588173,417.358992832066,569.728012989449,521.323369616883,73.0124574085428,2302.67165238777,450.045107829848,259.130038761625,921.870835109409,618.109161768162,1802.84919707657,833.425238154505,970.05074822725,906.92398984701,961.69743605559,1158.22153695662,1107.95682871887,941.018942185385,1.64503812581857,95.9273443724169,30.5666179943182
"61",144.428890406199,1490.22517749173,357.148281446846,394.589854152475,508.910461865388,1067.66591848217,635.176777795449,520.106588861135,346.556364633282,1064.98886935443,266.268618474446,1316.91130104354,804.068516892527,269.792498212937,481.324530303999,1111.70950322790,851.110926639177,90.9801460229654,213.732883158393,201.192919795792,155.170108210858,578.974625423229,196.471566737795,363.253551018507,419.60730786702,572.804645935706,524.357408523923,73.5927160831262,2313.63708948122,452.891961285621,261.038463894428,925.225659857768,621.804863006916,1809.99121782147,837.733157960243,975.582405935381,913.442304567748,968.455060903548,1163.77117242574,1113.68912647875,951.073567678584,1.66030529695737,96.952327990566,30.8304725200359
"62",144.945927587741,1496.77043249095,358.924308251307,396.36031645271,511.568601090663,1072.87219643285,637.860280442634,522.450073514576,348.895066026928,1071.55923786437,268.056105948203,1322.90285352388,807.170280406101,271.058450423693,484.212580809142,1117.11040829722,856.31196727148,91.4544456442002,214.802681554430,202.163674062058,155.710118516653,580.44839927306,197.183144522347,364.991984448841,421.855622901974,575.881278881964,527.391447430963,74.1729747577097,2324.60252657467,455.738814741395,262.946889027230,928.580484606127,625.50056424567,1817.13323856638,842.04107776598,981.114063643513,919.960619288486,975.212685751505,1169.32080789485,1119.42142423864,961.128193171782,1.67557246809617,97.9773116087152,31.0943270457536
"63",145.462964769284,1503.31568749016,360.700335055769,398.130778752946,514.226740315938,1078.07847438353,640.54378308982,524.793558168018,351.233767420574,1078.12960637432,269.84359342196,1328.89440600422,810.272043919676,272.324402634449,487.100631314284,1122.51131336655,861.513007903783,91.928745265435,215.872479950468,203.134428328324,156.250128822449,581.922173122892,197.894722306899,366.730417879175,424.103937936929,578.957911828222,530.425486338003,74.7532334322931,2335.56796366812,458.585668197168,264.855314160033,931.935309354485,629.196265484424,1824.27525931128,846.348997571718,986.645721351644,926.478934009224,981.970310599462,1174.87044336397,1125.15372199852,971.18281866498,1.69083963923496,99.0022952268643,31.3581815714713
"64",145.980001950827,1509.86094248937,362.476361860230,399.901241053182,516.884879541213,1083.28475233422,643.227285737005,527.137042821459,353.57246881422,1084.69997488426,271.631080895717,1334.88595848456,813.37380743325,273.590354845205,489.988681819427,1127.91221843587,866.714048536085,92.4030448866698,216.942278346505,204.105182594590,156.790139128245,583.395946972723,198.606300091451,368.468851309509,426.352252971883,582.03454477448,533.459525245044,75.3334921068766,2346.53340076157,461.432521652942,266.763739292836,935.290134102844,632.891966723178,1831.41728005618,850.656917377455,992.177379059776,932.997248729962,988.727935447418,1180.42007883309,1130.88601975840,981.237444158179,1.70610681037376,100.027278845013,31.6220360971890
"65",146.497039132370,1516.40619748858,364.252388664692,401.671703353417,519.543018766488,1088.49103028490,645.910788384191,529.4805274749,355.911170207866,1091.27034339421,273.418568369473,1340.87751096489,816.475570946824,274.856307055960,492.87673232457,1133.31312350519,871.915089168388,92.8773445079046,218.012076742543,205.075936860855,157.330149434041,584.869720822554,199.317877876002,370.207284739843,428.600568006837,585.111177720737,536.493564152084,75.91375078146,2357.49883785502,464.279375108715,268.672164425638,938.644958851203,636.587667961932,1838.55930080108,854.964837183192,997.709036767907,939.5155634507,995.485560295375,1185.96971430221,1136.61831751828,991.292069651378,1.72137398151256,101.052262463163,31.8858906229067
"66",147.014076313912,1522.95145248780,366.028415469153,403.442165653653,522.201157991763,1093.69730823558,648.594291031377,531.824012128342,358.249871601512,1097.84071190415,275.20605584323,1346.86906344523,819.577334460398,276.122259266716,495.764782829713,1138.71402857452,877.11612980069,93.3516441291394,219.08187513858,206.046691127121,157.870159739837,586.343494672386,200.029455660554,371.945718170177,430.848883041792,588.187810666995,539.527603059124,76.4940094560435,2368.46427494847,467.126228564489,270.580589558441,941.999783599562,640.283369200686,1845.70132154599,859.27275698893,1003.24069447604,946.033878171438,1002.24318514333,1191.51934977133,1142.35061527816,1001.34669514458,1.73664115265135,102.077246081312,32.1497451486244
"67",147.531113495455,1529.49670748701,367.804442273615,405.212627953889,524.859297217038,1098.90358618626,651.277793678562,534.167496781783,360.588572995158,1104.4110804141,276.993543316987,1352.86061592557,822.679097973972,277.388211477472,498.652833334855,1144.11493364384,882.317170432993,93.8259437503742,220.151673534617,207.017445393387,158.410170045633,587.817268522217,200.741033445106,373.684151600511,433.097198076746,591.264443613253,542.561641966164,77.074268130627,2379.42971204191,469.973082020262,272.489014691244,945.35460834792,643.97907043944,1852.84334229089,863.580676794667,1008.77235218417,952.552192892176,1009.00080999129,1197.06898524044,1148.08291303804,1011.40132063777,1.75190832379015,103.102229699461,32.4135996743422
"68",148.048150676998,1536.04196248622,369.580469078076,406.983090254124,527.517436442313,1104.10986413695,653.961296325748,536.510981435225,362.927274388804,1110.98144892405,278.781030790744,1358.85216840591,825.780861487546,278.654163688228,501.540883839998,1149.51583871316,887.518211065296,94.300243371609,221.221471930655,207.988199659653,158.950180351429,589.291042372048,201.452611229658,375.422585030844,435.3455131117,594.341076559511,545.595680873205,77.6545268052104,2390.39514913536,472.819935476036,274.397439824046,948.70943309628,647.674771678193,1859.98536303579,867.888596600405,1014.30400989230,959.070507612914,1015.75843483925,1202.61862070956,1153.81521079792,1021.45594613097,1.76717549492895,104.12721331761,32.6774542000599
"69",148.565187858540,1542.58721748543,371.356495882538,408.75355255436,530.175575667588,1109.31614208763,656.644798972933,538.854466088666,365.26597578245,1117.55181743399,280.568518264500,1364.84372088624,828.88262500112,279.920115898984,504.428934345141,1154.91674378249,892.719251697598,94.7745429928437,222.291270326692,208.958953925919,159.490190657225,590.76481622188,202.16418901421,377.161018461178,437.593828146655,597.417709505768,548.629719780245,78.2347854797938,2401.36058622881,475.666788931809,276.305864956849,952.064257844638,651.370472916947,1867.12738378069,872.196516406142,1019.83566760043,965.588822333652,1022.51605968720,1208.16825617868,1159.54750855781,1031.51057162417,1.78244266606774,105.152196935759,32.9413087257776
"70",149.082225040083,1549.13247248465,373.132522686999,410.524014854596,532.833714892863,1114.52242003831,659.328301620119,541.197950742107,367.604677176096,1124.12218594394,282.356005738257,1370.83527336658,831.984388514694,281.18606810974,507.316984850284,1160.31764885181,897.920292329901,95.2488426140785,223.361068722730,209.929708192185,160.030200963021,592.238590071711,202.875766798762,378.899451891512,439.842143181609,600.494342452026,551.663758687285,78.8150441543773,2412.32602332226,478.513642387583,278.214290089652,955.419082592997,655.066174155701,1874.26940452560,876.50443621188,1025.36732530856,972.10713705439,1029.27368453516,1213.71789164780,1165.27980631769,1041.56519711737,1.79770983720654,106.177180553908,33.2051632514953
"71",149.599262221626,1555.67772748386,374.908549491461,412.294477154831,535.491854118138,1119.72869798899,662.011804267305,543.541435395549,369.943378569742,1130.69255445388,284.143493212014,1376.82682584692,835.086152028268,282.452020320496,510.205035355426,1165.71855392114,903.121332962203,95.7231422353133,224.430867118767,210.900462458451,160.570211268817,593.712363921542,203.587344583314,380.637885321846,442.090458216563,603.570975398284,554.697797594325,79.3953028289607,2423.29146041571,481.360495843356,280.122715222454,958.773907341356,658.761875394455,1881.41142527050,880.812356017617,1030.89898301670,978.625451775128,1036.03130938312,1219.26752711691,1171.01210407757,1051.61982261057,1.81297700834534,107.202164172058,33.469017777213
"72",150.116299403169,1562.22298248307,376.684576295922,414.064939455067,538.149993343413,1124.93497593968,664.69530691449,545.88492004899,372.282079963388,1137.26292296383,285.930980685771,1382.81837832725,838.187915541842,283.717972531252,513.093085860569,1171.11945899046,908.322373594506,96.1974418565481,225.500665514804,211.871216724717,161.110221574613,595.186137771374,204.298922367866,382.37631875218,444.338773251518,606.647608344542,557.731836501366,79.9755615035442,2434.25689750916,484.20734929913,282.031140355257,962.128732089715,662.457576633209,1888.5534460154,885.120275823354,1036.43064072483,985.143766495866,1042.78893423107,1224.81716258603,1176.74440183745,1061.67444810377,1.82824417948413,108.227147790207,33.7328723029307
"73",150.633336584711,1568.76823748228,378.460603100384,415.835401755303,540.808132568688,1130.14125389036,667.378809561676,548.228404702432,374.620781357034,1143.83329147377,287.718468159528,1388.80993080759,841.289679055416,284.983924742008,515.981136365712,1176.52036405978,913.523414226809,96.671741477783,226.570463910842,212.841970990983,161.650231880409,596.659911621205,205.010500152418,384.114752182514,446.587088286472,609.7242412908,560.765875408406,80.5558201781276,2445.22233460261,487.054202754903,283.939565488060,965.483556838074,666.153277871963,1895.69546676030,889.428195629092,1041.96229843296,991.662081216604,1049.54655907903,1230.36679805515,1182.47669959733,1071.72907359697,1.84351135062293,109.252131408356,33.9967268286484
"74",151.150373766254,1575.31349248150,380.236629904845,417.605864055538,543.466271793963,1135.34753184104,670.062312208861,550.571889355873,376.95948275068,1150.40365998372,289.505955633284,1394.80148328793,844.39144256899,286.249876952763,518.869186870854,1181.92126912911,918.724454859111,97.1460410990177,227.640262306879,213.812725257249,162.190242186205,598.133685471036,205.722077936970,385.853185612848,448.835403321426,612.800874237057,563.799914315446,81.136078852711,2456.18777169606,489.901056210676,285.847990620862,968.838381586432,669.848979110717,1902.83748750520,893.73611543483,1047.49395614109,998.180395937341,1056.30418392699,1235.91643352427,1188.20899735721,1081.78369909016,1.85877852176173,110.277115026505,34.2605813543661
"75",151.667410947797,1581.85874748071,382.012656709307,419.376326355774,546.124411019238,1140.55380979173,672.745814856047,552.915374009315,379.298184144326,1156.97402849366,291.293443107041,1400.79303576827,847.493206082564,287.515829163519,521.757237375997,1187.32217419843,923.925495491414,97.6203407202525,228.710060702917,214.783479523514,162.730252492001,599.607459320868,206.433655721521,387.591619043182,451.083718356380,615.877507183315,566.833953222487,81.7163375272945,2467.15320878951,492.74790966645,287.756415753665,972.193206334791,673.54468034947,1909.97950825011,898.044035240567,1053.02561384922,1004.69871065808,1063.06180877494,1241.46606899339,1193.94129511709,1091.83832458336,1.87404569290053,111.302098644654,34.5244358800838
"76",152.184448129340,1588.40400247992,383.788683513768,421.146788656010,548.782550244513,1145.76008774241,675.429317503233,555.258858662756,381.636885537972,1163.54439700361,293.080930580798,1406.78458824860,850.594969596138,288.781781374275,524.64528788114,1192.72307926775,929.126536123716,98.0946403414873,229.779859098954,215.754233789780,163.270262797797,601.081233170699,207.145233506073,389.330052473516,453.332033391335,618.954140129573,569.867992129527,82.296596201878,2478.11864588296,495.594763122223,289.664840886467,975.54803108315,677.240381588225,1917.12152899501,902.351955046304,1058.55727155735,1011.21702537882,1069.81943362290,1247.01570446250,1199.67359287697,1101.89295007656,1.88931286403932,112.327082262803,34.7882904058015
"77",152.701485310882,1594.94925747913,385.56471031823,422.917250956245,551.440689469788,1150.96636569309,678.112820150418,557.602343316197,383.975586931618,1170.11476551355,294.868418054555,1412.77614072894,853.696733109712,290.047733585031,527.533338386283,1198.12398433708,934.327576756019,98.5689399627221,230.849657494992,216.724988056046,163.810273103593,602.55500702053,207.856811290625,391.06848590385,455.580348426289,622.03077307583,572.902031036567,82.8768548764614,2489.08408297641,498.441616577997,291.57326601927,978.90285583151,680.936082826979,1924.26354973991,906.659874852041,1064.08892926549,1017.73534009956,1076.57705847086,1252.56533993162,1205.40589063686,1111.94757556976,1.90458003517812,113.352065880952,35.0521449315192
"78",153.218522492425,1601.49451247835,387.340737122691,424.687713256481,554.098828695063,1156.17264364377,680.796322797604,559.945827969639,386.314288325264,1176.6851340235,296.655905528311,1418.76769320928,856.798496623286,291.313685795787,530.421388891426,1203.52488940640,939.528617388322,99.043239583957,231.919455891029,217.695742322312,164.350283409389,604.028780870362,208.568389075177,392.806919334184,457.828663461243,625.107406022088,575.936069943607,83.4571135510449,2500.04952006986,501.28847003377,293.481691152073,982.257680579868,684.631784065733,1931.40557048481,910.967794657779,1069.62058697362,1024.25365482029,1083.33468331882,1258.11497540074,1211.13818839674,1122.00220106296,1.91984720631692,114.377049499102,35.3159994572369
"79",153.735559673968,1608.03976747756,389.116763927153,426.458175556717,556.756967920338,1161.37892159446,683.47982544479,562.28931262308,388.652989718910,1183.25550253344,298.443393002068,1424.75924568962,859.90026013686,292.579638006543,533.309439396568,1208.92579447573,944.729658020624,99.5175392051917,232.989254287066,218.666496588578,164.890293715185,605.502554720193,209.279966859729,394.545352764518,460.076978496198,628.184038968346,578.970108850648,84.0373722256283,2511.01495716331,504.135323489544,295.390116284875,985.612505328227,688.327485304486,1938.54759122972,915.275714463516,1075.15224468175,1030.77196954103,1090.09230816677,1263.66461086986,1216.87048615662,1132.05682655616,1.93511437745571,115.402033117251,35.5798539829546
"80",154.252596855510,1614.58502247677,390.892790731614,428.228637856952,559.415107145613,1166.58519954514,686.163328091975,564.632797276522,390.991691112556,1189.82587104339,300.230880475825,1430.75079816995,863.002023650434,293.845590217299,536.197489901711,1214.32669954505,949.930698652927,99.9918388264265,234.059052683104,219.637250854844,165.430304020981,606.976328570024,209.991544644281,396.283786194852,462.325293531152,631.260671914604,582.004147757688,84.6176309002118,2521.98039425676,506.982176945317,297.298541417678,988.967330076586,692.02318654324,1945.68961197462,919.583634269254,1080.68390238988,1037.29028426177,1096.84993301473,1269.21424633897,1222.6027839165,1142.11145204935,1.95038154859451,116.427016735400,35.8437085086723
"81",154.769634037053,1621.13027747599,392.668817536076,429.999100157188,562.073246370888,1171.79147749582,688.84683073916,566.976281929963,393.330392506202,1196.39623955334,302.018367949582,1436.74235065029,866.103787164008,295.111542428055,539.085540406854,1219.72760461437,955.13173928523,100.466138447661,235.128851079141,220.608005121110,165.970314326777,608.450102419856,210.703122428833,398.022219625186,464.573608566106,634.337304860861,585.038186664728,85.1978895747952,2532.94583135021,509.829030401091,299.206966550481,992.322154824944,695.718887781994,1952.83163271952,923.891554074991,1086.21556009801,1043.80859898251,1103.60755786269,1274.76388180809,1228.33508167638,1152.16607754255,1.96564871973331,117.452000353549,36.1075630343901
"82",155.286671218596,1627.67553247520,394.444844340537,431.769562457424,564.731385596163,1176.99775544650,691.530333386346,569.319766583404,395.669093899847,1202.96660806328,303.805855423339,1442.73390313063,869.205550677582,296.377494638810,541.973590911996,1225.12850968370,960.332779917532,100.940438068896,236.198649475179,221.578759387376,166.510324632573,609.923876269687,211.414700213385,399.76065305552,466.821923601061,637.41393780712,588.072225571768,85.7781482493787,2543.91126844365,512.675883856864,301.115391683283,995.676979573303,699.414589020748,1959.97365346442,928.199473880728,1091.74721780614,1050.32691370325,1110.36518271064,1280.31351727721,1234.06737943626,1162.22070303575,1.98091589087210,118.476983971698,36.3714175601078
"83",155.803708400139,1634.22078747441,396.220871144999,433.540024757659,567.389524821438,1182.20403339719,694.213836033532,571.663251236846,398.007795293493,1209.53697657323,305.593342897095,1448.72545561097,872.307314191156,297.643446849566,544.861641417139,1230.52941475302,965.533820549835,101.414737690131,237.268447871216,222.549513653642,167.050334938369,611.397650119518,212.126277997937,401.499086485854,469.070238636015,640.490570753377,591.106264478809,86.3584069239621,2554.87670553710,515.522737312637,303.023816816086,999.031804321662,703.110290259502,1967.11567420933,932.507393686466,1097.27887551427,1056.84522842398,1117.1228075586,1285.86315274633,1239.79967719614,1172.27532852895,1.9961830620109,119.501967589847,36.6352720858255
"84",156.320745581681,1640.76604247362,397.99689794946,435.310487057895,570.047664046713,1187.41031134787,696.897338680717,574.006735890287,400.346496687139,1216.10734508317,307.380830370852,1454.71700809130,875.40907770473,298.909399060322,547.749691922282,1235.93031982234,970.734861182137,101.889037311366,238.338246267254,223.520267919907,167.590345244164,612.871423969350,212.837855782489,403.237519916188,471.318553670969,643.567203699635,594.140303385849,86.9386655985456,2565.84214263055,518.369590768411,304.932241948889,1002.38662907002,706.805991498256,1974.25769495423,936.815313492203,1102.81053322241,1063.36354314472,1123.88043240656,1291.41278821545,1245.53197495603,1182.32995402215,2.01145023314970,120.526951207996,36.8991266115432
"85",156.837782763224,1647.31129747284,399.772924753922,437.080949358131,572.705803271988,1192.61658929855,699.580841327903,576.350220543729,402.685198080785,1222.67771359312,309.168317844609,1460.70856057164,878.510841218304,300.175351271078,550.637742427425,1241.33122489167,975.93590181444,102.363336932601,239.408044663291,224.491022186173,168.130355549960,614.345197819181,213.549433567040,404.975953346522,473.566868705923,646.643836645893,597.174342292889,87.518924273129,2576.807579724,521.216444224184,306.840667081691,1005.74145381838,710.50169273701,1981.39971569913,941.12323329794,1108.34219093054,1069.88185786546,1130.63805725451,1296.96242368456,1251.26427271591,1192.38457951535,2.02671740428849,121.551934826146,37.1629811372609
"86",157.354819944767,1653.85655247205,401.548951558383,438.851411658366,575.363942497263,1197.82286724923,702.264343975089,578.69370519717,405.023899474431,1229.24808210306,310.955805318366,1466.70011305198,881.612604731878,301.441303481834,553.525792932567,1246.73212996099,981.136942446742,102.837636553835,240.477843059328,225.461776452439,168.670365855756,615.818971669012,214.261011351592,406.714386776856,475.815183740878,649.72046959215,600.208381199929,88.0991829477125,2587.77301681745,524.063297679958,308.749092214494,1009.09627856674,714.197393975764,1988.54173644403,945.431153103678,1113.87384863867,1076.40017258620,1137.39568210247,1302.51205915368,1256.99657047579,1202.43920500855,2.04198457542729,122.576918444295,37.4268356629786
"87",157.871857126310,1660.40180747126,403.324978362845,440.621873958602,578.022081722538,1203.02914519992,704.947846622274,581.037189850611,407.362600868077,1235.81845061301,312.743292792122,1472.69166553232,884.714368245452,302.70725569259,556.41384343771,1252.13303503032,986.337983079045,103.311936175070,241.547641455366,226.432530718705,169.210376161552,617.292745518844,214.972589136144,408.45282020719,478.063498775832,652.797102538408,603.24242010697,88.679441622296,2598.7384539109,526.910151135731,310.657517347297,1012.45110331510,717.893095214518,1995.68375718894,949.739072909415,1119.4055063468,1082.91848730693,1144.15330695043,1308.0616946228,1262.72886823567,1212.49383050174,2.05725174656609,123.601902062444,37.6906901886963
"88",158.388894307852,1666.94706247047,405.101005167306,442.392336258838,580.680220947813,1208.2354231506,707.63134926946,583.380674504053,409.701302261723,1242.38881912295,314.530780265879,1478.68321801265,887.816131759026,303.973207903346,559.301893942853,1257.53394009964,991.539023711348,103.786235796305,242.617439851403,227.403284984971,169.750386467348,618.766519368675,215.684166920696,410.191253637524,480.311813810786,655.873735484666,606.27645901401,89.2597002968794,2609.70389100435,529.757004591505,312.565942480099,1015.80592806346,721.588796453272,2002.82577793384,954.046992715153,1124.93716405493,1089.43680202767,1150.91093179838,1313.61133009192,1268.46116599555,1222.54845599494,2.07251891770489,124.626885680593,37.954544714414
"89",158.905931489395,1673.49231746969,406.877031971768,444.162798559073,583.338360173088,1213.44170110128,710.314851916645,585.724159157494,412.040003655369,1248.95918763290,316.318267739636,1484.67477049299,890.9178952726,305.239160114102,562.189944447996,1262.93484516896,996.74006434365,104.260535417540,243.687238247441,228.374039251237,170.290396773144,620.240293218506,216.395744705248,411.929687067858,482.560128845741,658.950368430924,609.31049792105,89.8399589714628,2620.6693280978,532.603858047278,314.474367612902,1019.16075281181,725.284497692026,2009.96779867874,958.35491252089,1130.46882176306,1095.95511674841,1157.66855664634,1319.16096556104,1274.19346375543,1232.60308148814,2.08778608884368,125.651869298742,38.2183992401317
"90",159.422968670938,1680.0375724689,408.653058776229,445.933260859309,585.996499398363,1218.64797905196,712.998354563831,588.067643810936,414.378705049015,1255.52955614284,318.105755213393,1490.66632297333,894.019658786174,306.505112324858,565.077994953138,1268.33575023829,1001.94110497595,104.734835038774,244.757036643478,229.344793517503,170.830407078940,621.714067068337,217.1073224898,413.668120498192,484.808443880695,662.027001377181,612.344536828090,90.4202176460463,2631.63476519125,535.450711503052,316.382792745704,1022.51557756017,728.98019893078,2017.10981942364,962.662832326628,1136.00047947120,1102.47343146915,1164.42618149430,1324.71060103015,1279.92576151531,1242.65770698134,2.10305325998248,126.676852916891,38.4822537658494
"91",159.940005852480,1686.58282746811,410.429085580691,447.703723159545,588.654638623638,1223.85425700265,715.681857211016,590.411128464377,416.717406442661,1262.09992465279,319.893242687150,1496.65787545367,897.121422299748,307.771064535613,567.966045458281,1273.73665530761,1007.14214560826,105.209134660009,245.826835039515,230.315547783769,171.370417384736,623.187840918169,217.818900274352,415.406553928526,487.056758915649,665.103634323439,615.378575735131,91.0004763206297,2642.6002022847,538.297564958825,318.291217878507,1025.87040230853,732.675900169533,2024.25184016854,966.970752132365,1141.53213717933,1108.99174618989,1171.18380634226,1330.26023649927,1285.65805927520,1252.71233247454,2.11832043112128,127.701836535040,38.7461082915671
"92",160.457043034023,1693.12808246732,412.205112385152,449.47418545978,591.312777848913,1229.06053495333,718.365359858202,592.754613117819,419.056107836307,1268.67029316274,321.680730160906,1502.64942793400,900.223185813323,309.037016746369,570.854095963424,1279.13756037693,1012.34318624056,105.683434281244,246.896633435553,231.286302050035,171.910427690532,624.661614768,218.530478058904,417.14498735886,489.305073950604,668.180267269697,618.412614642171,91.5807349952132,2653.56563937815,541.144418414599,320.19964301131,1029.22522705689,736.371601408287,2031.39386091345,971.278671938103,1147.06379488746,1115.51006091062,1177.94143119021,1335.80987196839,1291.39035703508,1262.76695796774,2.13358760226007,128.726820153190,39.0099628172848
"93",160.974080215566,1699.67333746654,413.981139189614,451.244647760016,593.970917074188,1234.26681290401,721.048862505388,595.09809777126,421.394809229953,1275.24066167268,323.468217634663,1508.64098041434,903.324949326897,310.302968957125,573.742146468567,1284.53846544626,1017.54422687286,106.157733902479,247.966431831590,232.257056316301,172.450437996328,626.135388617831,219.242055843456,418.883420789194,491.553388985558,671.256900215955,621.446653549211,92.1609936697966,2664.5310764716,543.991271870372,322.108068144112,1032.58005180525,740.067302647041,2038.53588165835,975.58659174384,1152.59545259559,1122.02837563136,1184.69905603817,1341.35950743751,1297.12265479496,1272.82158346093,2.14885477339887,129.751803771339,39.2738173430025
"94",161.491117397109,1706.21859246575,415.757165994075,453.015110060252,596.629056299463,1239.47309085470,723.732365152573,597.441582424701,423.733510623599,1281.81103018263,325.25570510842,1514.63253289468,906.42671284047,311.568921167881,576.63019697371,1289.93937051558,1022.74526750516,106.632033523714,249.036230227628,233.227810582566,172.990448302124,627.609162467663,219.953633628007,420.621854219528,493.801704020512,674.333533162212,624.480692456252,92.74125234438,2675.49651356505,546.838125326146,324.016493276915,1035.93487655361,743.763003885795,2045.67790240325,979.894511549577,1158.12711030372,1128.5466903521,1191.45668088613,1346.90914290662,1302.85495255484,1282.87620895413,2.16412194453767,130.776787389488,39.5376718687202
"95",162.008154578651,1712.76384746496,417.533192798537,454.785572360487,599.287195524738,1244.67936880538,726.415867799759,599.785067078143,426.072212017245,1288.38139869257,327.043192582177,1520.62408537502,909.528476354045,312.834873378637,579.518247478852,1295.34027558490,1027.94630813747,107.106333144948,250.106028623665,234.198564848832,173.53045860792,629.082936317494,220.665211412559,422.360287649862,496.050019055466,677.41016610847,627.514731363292,93.3215110189635,2686.46195065850,549.684978781919,325.924918409718,1039.28970130197,747.458705124549,2052.81992314815,984.202431355315,1163.65876801185,1135.06500507284,1198.21430573408,1352.45877837574,1308.58725031472,1292.93083444733,2.17938911567646,131.801771007637,39.8015263944379
"96",162.525191760194,1719.30910246417,419.309219602998,456.556034660723,601.945334750013,1249.88564675606,729.099370446944,602.128551731584,428.410913410891,1294.95176720252,328.830680055933,1526.61563785535,912.630239867619,314.100825589393,582.406297983995,1300.74118065423,1033.14734876977,107.580632766183,251.175827019703,235.169319115098,174.070468913716,630.556710167325,221.376789197111,424.098721080196,498.298334090421,680.486799054728,630.548770270332,93.901769693547,2697.42738775195,552.531832237692,327.83334354252,1042.64452605033,751.154406363303,2059.96194389306,988.510351161052,1169.19042571998,1141.58331979358,1204.97193058204,1358.00841384486,1314.31954807460,1302.98545994053,2.19465628681526,132.826754625786,40.0653809201556
"97",163.042228941737,1725.85435746339,421.08524640746,458.326496960959,604.603473975288,1255.09192470674,731.78287309413,604.472036385026,430.749614804537,1301.52213571246,330.61816752969,1532.60719033569,915.732003381193,315.366777800149,585.294348489138,1306.14208572355,1038.34838940207,108.054932387418,252.24562541574,236.140073381364,174.610479219512,632.030484017157,222.088366981663,425.83715451053,500.546649125375,683.563432000986,633.582809177372,94.4820283681304,2708.39282484539,555.378685693466,329.741768675323,1045.99935079869,754.850107602057,2067.10396463796,992.81827096679,1174.72208342812,1148.10163451431,1211.72955543000,1363.55804931398,1320.05184583448,1313.04008543373,2.20992345795406,133.851738243935,40.3292354458734
"98",163.559266123280,1732.3996124626,422.861273211921,460.096959261194,607.261613200563,1260.29820265743,734.466375741316,606.815521038467,433.088316198183,1308.09250422241,332.405655003447,1538.59874281603,918.833766894767,316.632730010905,588.18239899428,1311.54299079288,1043.54943003437,108.529232008653,253.315423811777,237.11082764763,175.150489525308,633.504257866988,222.799944766215,427.575587940864,502.79496416033,686.640064947243,636.616848084413,95.0622870427139,2719.35826193884,558.22553914924,331.650193808126,1049.35417554704,758.54580884081,2074.24598538286,997.126190772527,1180.25374113625,1154.61994923505,1218.48718027795,1369.10768478310,1325.78414359436,1323.09471092693,2.22519062909286,134.876721862085,40.5930899715911
"99",164.076303304822,1738.94486746181,424.637300016383,461.86742156143,609.919752425838,1265.50448060811,737.149878388501,609.159005691908,435.427017591829,1314.66287273235,334.193142477204,1544.59029529637,921.93553040834,317.898682221661,591.070449499423,1316.9438958622,1048.75047066668,109.003531629888,254.385222207815,238.081581913896,175.690499831104,634.97803171682,223.511522550767,429.314021371198,505.043279195284,689.716697893501,639.650886991453,95.6425457172973,2730.32369903229,561.072392605013,333.558618940928,1052.70900029540,762.241510079565,2081.38800612776,1001.43411057826,1185.78539884438,1161.13826395579,1225.24480512591,1374.65732025221,1331.51644135425,1333.14933642012,2.24045780023165,135.901705480234,40.8569444973088
"100",164.593340486365,1745.49012246103,426.413326820844,463.637883861666,612.577891651113,1270.71075855879,739.833381035687,611.50249034535,437.765718985475,1321.23324124230,335.980629950961,1550.58184777670,925.037293921915,319.164634432416,593.958500004566,1322.34480093152,1053.95151129898,109.477831251122,255.455020603852,239.052336180162,176.230510136900,636.451805566651,224.223100335319,431.052454801531,507.291594230238,692.793330839759,642.684925898493,96.2228043918808,2741.28913612574,563.919246060786,335.467044073731,1056.06382504376,765.937211318319,2088.53002687267,1005.74203038400,1191.31705655251,1167.65657867653,1232.00242997387,1380.20695572133,1337.24873911413,1343.20396191332,2.25572497137045,136.926689098383,41.1207990230265
